{"Oxidation": 15.9949146221, "Carbamidomethyl": 57.0214637236, "Guanidynation": 42.0217980746, "Aniline": 75.0472845436, "LightPT": 89.0629346078, "HeavyPT": 96.10687182984}